{
  "bin_primary_hard": {
    "AUC": 0.8255555555555555,
    "macro_f1": 0.7321428571428572,
    "macro_auroc": null,
    "posF1": 0.7142857142857143,
    "bACC": 0.75,
    "wACC": 0.7333333333333333,
    "AUPRC": 0.7374704494132541,
    "ECE": 0.08079830845197043,
    "brier": 0.3678378191220482,
    "negF1": 0.75,
    "confusion_matrix": [
      [
        60,
        30
      ],
      [
        10,
        50
      ]
    ],
    "n": 150
  },
  "bin_indep_token": {
    "AUC": 0.8290740740740741,
    "macro_f1": 0.7578909612625538,
    "macro_auroc": null,
    "posF1": 0.7352941176470589,
    "bACC": 0.7722222222222223,
    "wACC": 0.76,
    "AUPRC": 0.7335034669002335,
    "ECE": 0.09405282537142436,
    "brier": 0.3592943052257871,
    "negF1": 0.7804878048780488,
    "confusion_matrix": [
      [
        64,
        26
      ],
      [
        10,
        50
      ]
    ],
    "n": 150
  },
  "bin_mean": {
    "AUC": 0.792037037037037,
    "macro_f1": 0.7302643409458731,
    "macro_auroc": null,
    "posF1": 0.7014925373134329,
    "bACC": 0.7416666666666667,
    "wACC": 0.7333333333333333,
    "AUPRC": 0.6760987146819768,
    "ECE": 0.041337041854858377,
    "brier": 0.38308359170749495,
    "negF1": 0.7590361445783133,
    "confusion_matrix": [
      [
        63,
        27
      ],
      [
        13,
        47
      ]
    ],
    "n": 150
  },
  "bin_concat": {
    "AUC": 0.8442592592592593,
    "macro_f1": 0.7263273125342091,
    "macro_auroc": null,
    "posF1": 0.6825396825396826,
    "bACC": 0.7305555555555556,
    "wACC": 0.7333333333333333,
    "AUPRC": 0.7546966945003659,
    "ECE": 0.0773270018895467,
    "brier": 0.32923321051644167,
    "negF1": 0.7701149425287356,
    "confusion_matrix": [
      [
        67,
        23
      ],
      [
        17,
        43
      ]
    ],
    "n": 150
  },
  "bin_k4": {
    "AUC": 0.846111111111111,
    "macro_f1": 0.7628619178824698,
    "macro_auroc": null,
    "posF1": 0.732824427480916,
    "bACC": 0.7722222222222223,
    "wACC": 0.7666666666666667,
    "AUPRC": 0.7772856955330014,
    "ECE": 0.0897823472817739,
    "brier": 0.32623512436445784,
    "negF1": 0.7928994082840237,
    "confusion_matrix": [
      [
        67,
        23
      ],
      [
        12,
        48
      ]
    ],
    "n": 150
  },
  "bin_k16": {
    "AUC": 0.7655555555555554,
    "macro_f1": 0.6794871794871795,
    "macro_auroc": null,
    "posF1": 0.6666666666666666,
    "bACC": 0.7,
    "wACC": 0.68,
    "AUPRC": 0.6369471230891091,
    "ECE": 0.0853722862402598,
    "brier": 0.42731630522313024,
    "negF1": 0.6923076923076923,
    "confusion_matrix": [
      [
        54,
        36
      ],
      [
        12,
        48
      ]
    ],
    "n": 150
  },
  "bin_resnet_primary": {
    "AUC": 0.5707407407407408,
    "macro_f1": 0.375,
    "macro_auroc": null,
    "posF1": 0.0,
    "bACC": 0.5,
    "wACC": 0.6,
    "AUPRC": 0.4677020236449902,
    "ECE": 0.10251002152760827,
    "brier": 0.49329721844851365,
    "negF1": 0.75,
    "confusion_matrix": [
      [
        90,
        0
      ],
      [
        60,
        0
      ]
    ],
    "n": 150
  },
  "c3_primary_hard": {
    "AUC": null,
    "macro_f1": 0.6224597881775242,
    "macro_auroc": 0.8181317154894568,
    "posF1": null,
    "bACC": null,
    "wACC": null,
    "AUPRC": null,
    "ECE": 0.12395095685184403,
    "brier": 0.46499404315691595,
    "negF1": 0.41379310344827586,
    "confusion_matrix": [
      [
        6,
        2,
        11
      ],
      [
        4,
        42,
        25
      ],
      [
        0,
        3,
        56
      ]
    ],
    "n": 149
  },
  "c3_indep_token": {
    "AUC": null,
    "macro_f1": 0.6158702958892729,
    "macro_auroc": 0.7917349314467078,
    "posF1": null,
    "bACC": null,
    "wACC": null,
    "AUPRC": null,
    "ECE": 0.09332332415068709,
    "brier": 0.47369740470669197,
    "negF1": 0.375,
    "confusion_matrix": [
      [
        6,
        4,
        9
      ],
      [
        6,
        46,
        19
      ],
      [
        1,
        6,
        52
      ]
    ],
    "n": 149
  },
  "c3_indep_mean": {
    "AUC": null,
    "macro_f1": 0.5961915535444948,
    "macro_auroc": 0.7699274256158829,
    "posF1": null,
    "bACC": null,
    "wACC": null,
    "AUPRC": null,
    "ECE": 0.09132462759946018,
    "brier": 0.49033613787862956,
    "negF1": 0.375,
    "confusion_matrix": [
      [
        6,
        3,
        10
      ],
      [
        6,
        46,
        19
      ],
      [
        1,
        10,
        48
      ]
    ],
    "n": 149
  },
  "c3_hard_mean": {
    "AUC": null,
    "macro_f1": 0.6077267849251942,
    "macro_auroc": 0.7984335620990519,
    "posF1": null,
    "bACC": null,
    "wACC": null,
    "AUPRC": null,
    "ECE": 0.13700283213749825,
    "brier": 0.4873422072573007,
    "negF1": 0.42857142857142855,
    "confusion_matrix": [
      [
        6,
        1,
        12
      ],
      [
        2,
        44,
        25
      ],
      [
        1,
        8,
        50
      ]
    ],
    "n": 149
  },
  "c3_hard_concat": {
    "AUC": null,
    "macro_f1": 0.5980919451914458,
    "macro_auroc": 0.8012314668142588,
    "posF1": null,
    "bACC": null,
    "wACC": null,
    "AUPRC": null,
    "ECE": 0.1717080123872565,
    "brier": 0.4564759109012635,
    "negF1": 0.35714285714285715,
    "confusion_matrix": [
      [
        5,
        7,
        7
      ],
      [
        3,
        49,
        19
      ],
      [
        1,
        10,
        48
      ]
    ],
    "n": 149
  },
  "bin_abmil": {
    "AUC": 0.758888888888889,
    "macro_f1": 0.713844476744186,
    "macro_auroc": null,
    "posF1": 0.671875,
    "bACC": 0.7194444444444444,
    "wACC": 0.72,
    "AUPRC": 0.6367133030586776,
    "ECE": 0.1045232582092285,
    "brier": 0.40296464229575935,
    "negF1": 0.7558139534883721,
    "confusion_matrix": [
      [
        65,
        25
      ],
      [
        17,
        43
      ]
    ],
    "n": 150
  },
  "bin_clam": {
    "AUC": 0.7642592592592593,
    "macro_f1": 0.7188571428571429,
    "macro_auroc": null,
    "posF1": 0.672,
    "bACC": 0.7222222222222222,
    "wACC": 0.7266666666666667,
    "AUPRC": 0.6542251314537948,
    "ECE": 0.07190134684244794,
    "brier": 0.39630633097443524,
    "negF1": 0.7657142857142857,
    "confusion_matrix": [
      [
        67,
        23
      ],
      [
        18,
        42
      ]
    ],
    "n": 150
  },
  "bin_transmil": {
    "AUC": 0.7622222222222222,
    "macro_f1": 0.6825897078024402,
    "macro_auroc": null,
    "posF1": 0.6466165413533834,
    "bACC": 0.6916666666666667,
    "wACC": 0.6866666666666666,
    "AUPRC": 0.5892325467382044,
    "ECE": 0.12580636779467266,
    "brier": 0.43693541988416085,
    "negF1": 0.718562874251497,
    "confusion_matrix": [
      [
        60,
        30
      ],
      [
        17,
        43
      ]
    ],
    "n": 150
  },
  "c3_abmil": {
    "AUC": null,
    "macro_f1": 0.5682224751992194,
    "macro_auroc": 0.7649685835071117,
    "posF1": null,
    "bACC": null,
    "wACC": null,
    "AUPRC": null,
    "ECE": 0.10174283265267443,
    "brier": 0.49780261938352627,
    "negF1": 0.3076923076923077,
    "confusion_matrix": [
      [
        4,
        4,
        11
      ],
      [
        3,
        45,
        23
      ],
      [
        0,
        9,
        50
      ]
    ],
    "n": 149
  },
  "c3_clam": {
    "AUC": null,
    "macro_f1": 0.5807327586206896,
    "macro_auroc": 0.7581859443012086,
    "posF1": null,
    "bACC": null,
    "wACC": null,
    "AUPRC": null,
    "ECE": 0.08414479090063365,
    "brier": 0.4878694215255251,
    "negF1": 0.32,
    "confusion_matrix": [
      [
        4,
        3,
        12
      ],
      [
        2,
        46,
        23
      ],
      [
        0,
        8,
        51
      ]
    ],
    "n": 149
  },
  "c3_transmil": {
    "AUC": null,
    "macro_f1": 0.5479050657029415,
    "macro_auroc": 0.7440178045585691,
    "posF1": null,